Product ID,Product Name
P001,Product_1
P002,Product_2
P003,Product_3
P004,Product_4
P005,Product_5
P006,Product_6
P007,Product_7
P008,Product_8
P009,Product_9
P010,Product_10
P011,Product_11
P012,Product_12
P013,Product_13
P014,Product_14
P015,Product_15
P016,Product_16
P017,Product_17
P018,Product_18
P019,Product_19
P020,Product_20
P021,Product_21
P022,Product_22
P023,Product_23
P024,Product_24
P025,Product_25
P026,Product_26
P027,Product_27
P028,Product_28
P029,Product_29
P030,Product_30
P031,Product_31
P032,Product_32
P033,Product_33
P034,Product_34
P035,Product_35
P036,Product_36
P037,Product_37
P038,Product_38
P039,Product_39
P040,Product_40
P041,Product_41
P042,Product_42
P043,Product_43
P044,Product_44
P045,Product_45
P046,Product_46
P047,Product_47
P048,Product_48
P049,Product_49
P050,Product_50
